id,name,type,contact_name,contact_email,catalogue_url,categories,loans_this_year,quota_limit,notes
arts-univ-plymouth,Arts University Plymouth Library,Specialist Higher Education,ILL & Resource Sharing,interlibraryloans@aup.ac.uk,https://aup.on.worldcat.org/,"African Art; American Art; American Painting; Art Deco; Art History; Art Nouveau; Art Theory; Asian Art; Asian Painting; British Art; British Painting; Ceramics; Crafts; Cubism; Dadaism; Decorative Art & Design; Dutch Painting; European Art; Fashion Accessories; Fashion Design; Fashion Drawing; Feminism & Art; French Painting; German Painting; Glass; Graphic Design; History of Fashion; History of Painting; Human Figure Drawing; Interior Decoration; Italian Painting; Mexican Painting; Mythology / Fantasy in Art; Oceanic Art; Painting Techniques; Pattern Cutting & Design; Photography; Posters; Printing & Dyeing; Printmaking; Prints & Drawings; Russian Art; Russian Painting; Sculpture; South American Art; Spanish Painting; Surrealism; Sustainable Fashion; Textile Crafts; Typography",4,10,"Premier South West specialist collection for fine art, contemporary crafts, design, and printmaking."
falmouth-univ,Falmouth University (Penryn & Falmouth),Higher Education,Document Supply Desk,ill@falmouth.ac.uk,https://falmouth.primo.exlibrisgroup.com/,"Advertising; Architects; Architecture; Art History; Art Theory; British Art; Crafts; Fashion Design; Film & Cinema; Graphic Design; History of Fashion; Literature; Marketing; Media Make-up; Photography; Posters; Printmaking; Sculpture; Sustainability; Sustainable Fashion; Typography",10,10,"Major centre for creative arts, design, digital media, sustainable fashion, and communications."
uwe-bristol,University of the West of England (UWE Bristol),Higher Education,Inter-Library Lending Team,ill.library@uwe.ac.uk,https://uwe-primo.hosted.exlibrisgroup.com/,"Architects; Architecture; Computing; Construction; Education; Electrical Installation; Engineering & Automotive; Graphic Design; Health & Social Care; Human Resources; Leadership & Management; Marketing; Nursing; Photography; Printmaking; Psychology; Social Research; Sociology; Surveying; Sustainability",7,10,"Built environment, engineering, computing, health sciences, and business."
univ-bristol,University of Bristol Library,Higher Education,Inter-Library Loans Service,inter-library-loans@bristol.ac.uk,https://bris.primo.exlibrisgroup.com/,"Anatomy & Physiology; Biology; Chemistry; Crime; Culture & Society; Diabates Mellitus; Education; History & Geography; Literature; Maths; Mental Health; Nursing; Pharmacology; Philosophy; Psychology; Psychotherapy; Religion; Social Research; Sociology; Sociology of Health / Nursing",10,10,"Medical and life sciences, pure sciences, social sciences, and law."
univ-exeter,University of Exeter Library,Higher Education,Document Delivery Service,ill@exeter.ac.uk,https://lib.exeter.ac.uk/,"Biology; Chemistry; Crime; Culture & Society; History & Geography; Literature; Maths; Mythology; Philosophy; Psychology; Religion; Social Research; Sociology; Sport; Sustainability",6,10,"Regional history, literature, natural sciences, and sport sciences."
plymouth-libraries-music,Plymouth City Libraries & SWRLS Music Scheme,Public Library,Music & Lending Specialist,library@plymouth.gov.uk,https://plymouth.spydus.co.uk/,"Music; Cookery; Crime; Culture & Society; History & Geography; Literature; British Art; Photography; Crafts",10,10,"Hosts regional and national vocal and orchestral performance sets."
bristol-central-lib,Bristol Libraries (Central Library),Public Library,ILL Department,interlibraryloans@bristol.gov.uk,https://bristol.spydus.co.uk/,"Architecture; Art History; British Art; British Painting; Child Care; Childhood; Cookery; Crafts; Crime; Culture & Society; History & Geography; History of Painting; Literature; Music; Photography; Religion; Sport; Sustainability",8,10,"Central reference library for the Bristol region."
libraries-unlimited-devon,Libraries Unlimited (Devon & Torbay),Public Library,Inter-Library Lending Team,interlending@librariesunlimited.org.uk,https://devon.spydus.co.uk/,"Child Care; Childhood; Cookery; Crafts; Crime; Early Years Education; History & Geography; Literature; Music; Special Educational Needs; Sport; Sustainability",10,10,"Countywide public library service for Devon and Torbay."
somerset-libraries,Somerset Libraries,Public Library,Inter-Lending Service,libraries@somerset.gov.uk,https://somerset.spydus.co.uk/,"Child Care; Child Development; Childhood; Cookery; Crafts; Crime; Early Years Education; Education; History & Geography; Literature; Special Educational Needs; Sport; Sustainability",3,10,"Early years, education, and community life."
banes-libraries,Bath & North East Somerset Libraries,Public Library,Council Connect / ILL Desk,council_connect@bathnes.gov.uk,https://bathnes.spydus.co.uk/,"Architects; Architecture; Art Deco; Art History; Art Nouveau; British Art; Cookery; Decorative Art & Design; History & Geography; Interior Decoration; Literature; Music",2,10,"Georgian architecture, decorative arts, interior design, and local history."
city-of-bristol-college,City of Bristol College Library,Further Education,Library & Learning Centres,college.library@cityofbristol.ac.uk,,"Advertising; Carpentry; Child Care; Colour Therapy; Computing; Construction; Cookery; Counselling; Electrical Installation; Engineering & Automotive; Hair & Beauty; Health & Social Care; Leadership & Management; Media Make-up; Plumbing; Surveying",5,10,"Vocational training, trade technologies, apprenticeships."
south-devon-college,South Devon College Library,Further Education,Learning Resource Centre,library@southdevon.ac.uk,,"Carpentry; Child Care; Child Development; Construction; Counselling; Electrical Installation; Engineering & Automotive; Hair & Beauty; Health & Social Care; Plumbing; Sport; Surveying",10,10,"Vocational campus in Paignton."
bath-spa-univ,Bath Spa University Library,Higher Education,Inter-Library Loans Desk,ill@bathspa.ac.uk,https://bathspa.on.worldcat.org/,"Art Theory; British Art; Ceramics; Child Development; Childhood; Crafts; Early Years Education; Education; Feminism & Art; History of Fashion; Literature; Music; Mythology; Painting Techniques; Philosophy; Psychology; Special Educational Needs; Sustainable Fashion; Textile Crafts",4,10,"Creative writing, teacher training, early years education, ceramics, textile crafts."
bournemouth-univ,Bournemouth University Library,Higher Education,Document Supply Desk,ill@bournemouth.ac.uk,https://bournemouth.on.worldcat.org/,"Advertising; Computing; Crime; Film & Cinema; Graphic Design; Human Resources; Leadership & Management; Marketing; Media Make-up; Photography; Psychology; Social Research; Sociology; Sport",5,10,"Media, computer animation, corporate marketing, advertising."
uhbw-nhs-library,University Hospitals Bristol & Weston NHS Trust Library,NHS / Health Library,Library & Information Service,library.ubht@uhbw.nhs.uk,,"Anatomy & Physiology; Child Health / Paediatrics; Colour Therapy; Counselling; Diabates Mellitus; Health & Social Care; Health Education / Promotion; Human Development; Mental Health; Mental Health Nursing; Nursing; Palliative Care; Pharmacology; Psychology; Psychotherapy; Sociology of Health / Nursing",3,10,"Paediatric medicine, diabetes, palliative care, nursing."
devon-partnership-nhs,Devon Partnership NHS Trust Health Library,NHS / Health Library,Health Information Specialist,health.library@nhs.net,,"Anatomy & Physiology; Colour Therapy; Counselling; Health & Social Care; Health Education / Promotion; Human Development; Mental Health; Mental Health Nursing; Nursing; Palliative Care; Pharmacology; Psychology; Psychotherapy; Sociology of Health / Nursing",10,10,"Mental health and psychiatric nursing specialist library."
wiltshire-libraries,Wiltshire Libraries,Public Library,Interlending & Document Supply,libraryenquiries@wiltshire.gov.uk,https://wiltshire.spydus.co.uk/,"British Art; Cookery; Crafts; Crime; History & Geography; Literature; Mythology; Religion; Sport; Sustainability",9,10,"Wiltshire heritage and public library network."
bcp-libraries,"BCP Council Libraries (Bournemouth, Christchurch & Poole)",Public Library,Library Services Enquiries,libraryservices@bcpcouncil.gov.uk,https://bournemouth.spydus.co.uk/,"Child Care; Childhood; Cookery; Crafts; Crime; Education; History & Geography; Literature; Music; Photography; Religion; Sport",6,10,"Bournemouth, Christchurch, and Poole municipal collections."
gloucestershire-libraries,Gloucestershire Libraries,Public Library,ILL Section,libraries@gloucestershire.gov.uk,https://gloucestershire.spydus.co.uk/,"Child Care; Childhood; Cookery; Crafts; Crime; History & Geography; Literature; Music; Religion; Special Educational Needs; Sport",10,10,"Countywide library service for Gloucestershire."
weston-college-lib,Weston College Library,Further Education,Learning Resource Team,lrc@weston.ac.uk,,"Advertising; Carpentry; Computing; Construction; Counselling; Electrical Installation; Engineering & Automotive; Graphic Design; Hair & Beauty; Health & Social Care; Interior Decoration; Plumbing; Special Educational Needs; Surveying",1,10,"Career-led education college with trade, construction, and media."
